{"type": "metrics", "dataset": "train", "precision": 0.9980136835135731, "balanced_accuracy": 0.9780395250173386, "recall": 0.9566321133911572, "f1_score": 0.9768848563404623}
{"type": "metrics", "dataset": "test", "precision": 0.6512992455993294, "balanced_accuracy": 0.6741767336678851, "recall": 0.4070193818753274, "f1_score": 0.5009671179883946}
{"type": "cm_matrix", "dataset": "train", "true_0": {"predicted_0": 16264, "predicted_1": 9}, "true_1": {"predicted_0": 205, "predicted_1": 4522}}
{"type": "cm_matrix", "dataset": "test", "true_0": {"predicted_0": 6675, "predicted_1": 416}, "true_1": {"predicted_0": 1132, "predicted_1": 777}}
